{"metadata":{},"camera":{"metadata":{"version":4.6,"type":"Object","generator":"Astral.Object3D.toJSON"},"object":{"uuid":"8f9f1ecb-c492-4d4b-b3aa-2dd9fc7f886c","type":"PerspectiveCamera","name":"默认相机","layers":1,"matrix":[1,0,0,0,0,0.8944271909999157,-0.44721359549995804,0,0,0.44721359549995804,0.8944271909999157,0,0,5.000000000000002,10,1],"up":[0,1,0],"fov":50,"zoom":1,"near":0.01,"far":100000,"focus":10,"aspect":1.5185185185185186,"filmGauge":35,"filmOffset":0}},"scene":{"metadata":{"version":4.6,"type":"Object","generator":"Astral.Object3D.toJSON"},"textures":[{"uuid":"90033314-9524-4b93-99b6-09ea2439c5eb","name":"","image":"d3dec57b-a61c-4587-84ef-261ebafded44","mapping":303,"channel":0,"repeat":[1,1],"offset":[0,0],"center":[0,0],"rotation":0,"wrap":[1001,1001],"format":1023,"internalFormat":null,"type":1016,"colorSpace":"srgb-linear","minFilter":1006,"magFilter":1006,"anisotropy":1,"flipY":true,"generateMipmaps":false,"premultiplyAlpha":false,"unpackAlignment":1},{"uuid":"55b05204-6795-4907-b26d-869a46f89cbe","name":"","image":"d3dec57b-a61c-4587-84ef-261ebafded44","mapping":303,"channel":0,"repeat":[1,1],"offset":[0,0],"center":[0,0],"rotation":0,"wrap":[1001,1001],"format":1023,"internalFormat":null,"type":1016,"colorSpace":"srgb-linear","minFilter":1006,"magFilter":1006,"anisotropy":1,"flipY":true,"generateMipmaps":false,"premultiplyAlpha":false,"unpackAlignment":1}],"images":["Uint16Array!1024!512!d3dec57b-a61c-4587-84ef-261ebafded44.env"],"object":{"uuid":"9988d4f8-21f8-4985-96a2-961615ed3519","type":"Scene","name":"默认场景","layers":1,"matrix":[1,0,0,0,0,1,0,0,0,0,1,0,0,0,0,1],"up":[0,1,0],"background":"90033314-9524-4b93-99b6-09ea2439c5eb","environment":"55b05204-6795-4907-b26d-869a46f89cbe","backgroundRotation":[0,0,0,"XYZ"],"environmentRotation":[0,0,0,"XYZ"],"children":[]}},"scripts":{},"controls":{"state":"{\"enabled\":true,\"minDistance\":2.220446049250313e-16,\"maxDistance\":1.7976931348623157e+308,\"minZoom\":0.01,\"maxZoom\":1.7976931348623157e+308,\"minPolarAngle\":0,\"maxPolarAngle\":3.141592653589793,\"minAzimuthAngle\":-1.7976931348623157e+308,\"maxAzimuthAngle\":1.7976931348623157e+308,\"smoothTime\":0.25,\"draggingSmoothTime\":0.125,\"dollySpeed\":1,\"truckSpeed\":2,\"dollyToCursor\":false,\"verticalDragToForward\":false,\"target\":[0,0,0],\"position\":[0,5.000000000000002,10],\"zoom\":1,\"focalOffset\":[0,0,0],\"target0\":[0,0,0],\"position0\":[0,5,10],\"zoom0\":1,\"focalOffset0\":[0,0,0]}"},"totalZipNumber":1,"sceneInfo":{"id":"191cd2cf-5336-4f3b-8483-38367b22bb40","sceneType":"其他","hasDrawing":0,"sceneIntroduction":"","sceneName":"2","sceneVersion":7,"zip":"","zipSize":"1.22 MB","coverPicture":"","exampleSceneId":"","projectType":0,"cesiumConfig":"","updateTime":"2025-07-21T14:14:10.2481184+08:00","createTime":"2025-07-21T14:00:29+08:00"}}