{"metadata":{},"camera":{"metadata":{"version":4.6,"type":"Object","generator":"Astral.Object3D.toJSON"},"object":{"uuid":"8c45b44b-5b65-4944-b02c-5277085aff37","type":"PerspectiveCamera","name":"默认相机","layers":1,"matrix":[1,0,0,0,0,0.8944271909999157,-0.44721359549995804,0,0,0.44721359549995804,0.8944271909999157,0,0,5.000000000000002,10,1],"up":[0,1,0],"fov":50,"zoom":1,"near":0.01,"far":100000,"focus":10,"aspect":1.5185185185185186,"filmGauge":35,"filmOffset":0}},"scene":{"metadata":{"version":4.6,"type":"Object","generator":"Astral.Object3D.toJSON"},"textures":[{"uuid":"d3b8fa57-f8ba-4e9e-88f2-35ad631a4f02","name":"","image":"d0eeab11-d146-44f4-a7a9-551694ad2a28","mapping":303,"channel":0,"repeat":[1,1],"offset":[0,0],"center":[0,0],"rotation":0,"wrap":[1001,1001],"format":1023,"internalFormat":null,"type":1016,"colorSpace":"srgb-linear","minFilter":1006,"magFilter":1006,"anisotropy":1,"flipY":true,"generateMipmaps":false,"premultiplyAlpha":false,"unpackAlignment":1},{"uuid":"960bfe8f-a3b1-415d-a313-0203cc804e38","name":"","image":"d0eeab11-d146-44f4-a7a9-551694ad2a28","mapping":303,"channel":0,"repeat":[1,1],"offset":[0,0],"center":[0,0],"rotation":0,"wrap":[1001,1001],"format":1023,"internalFormat":null,"type":1016,"colorSpace":"srgb-linear","minFilter":1006,"magFilter":1006,"anisotropy":1,"flipY":true,"generateMipmaps":false,"premultiplyAlpha":false,"unpackAlignment":1}],"images":["Uint16Array!1024!512!d0eeab11-d146-44f4-a7a9-551694ad2a28.env"],"object":{"uuid":"e9947034-6ddf-4eb5-8e4b-28269b665bdd","type":"Scene","name":"默认场景","layers":1,"matrix":[1,0,0,0,0,1,0,0,0,0,1,0,0,0,0,1],"up":[0,1,0],"background":"d3b8fa57-f8ba-4e9e-88f2-35ad631a4f02","environment":"960bfe8f-a3b1-415d-a313-0203cc804e38","backgroundRotation":[0,0,0,"XYZ"],"environmentRotation":[0,0,0,"XYZ"],"children":[]}},"scripts":{},"controls":{"state":"{\"enabled\":true,\"minDistance\":2.220446049250313e-16,\"maxDistance\":1.7976931348623157e+308,\"minZoom\":0.01,\"maxZoom\":1.7976931348623157e+308,\"minPolarAngle\":0,\"maxPolarAngle\":3.141592653589793,\"minAzimuthAngle\":-1.7976931348623157e+308,\"maxAzimuthAngle\":1.7976931348623157e+308,\"smoothTime\":0.25,\"draggingSmoothTime\":0.125,\"dollySpeed\":1,\"truckSpeed\":2,\"dollyToCursor\":false,\"verticalDragToForward\":false,\"target\":[0,0,0],\"position\":[0,5.000000000000002,10],\"zoom\":1,\"focalOffset\":[0,0,0],\"target0\":[0,0,0],\"position0\":[0,5,10],\"zoom0\":1,\"focalOffset0\":[0,0,0]}"},"totalZipNumber":1,"sceneInfo":{"id":"7156b050-cdee-4727-9d62-0e83a34c6a5f","sceneType":"其他","hasDrawing":0,"sceneIntroduction":"","sceneName":"1","sceneVersion":2,"zip":"","zipSize":"0","coverPicture":"","exampleSceneId":"","projectType":0,"updateTime":"2025-07-24T16:26:11+08:00","createTime":"2025-07-24T16:26:11+08:00"}}