{"metadata":{},"camera":{"metadata":{"version":4.6,"type":"Object","generator":"Astral.Object3D.toJSON"},"object":{"uuid":"2b1b4963-6d57-4de3-bffa-9aa0524e1f6a","type":"PerspectiveCamera","name":"默认相机","layers":1,"matrix":[0.9865566640088362,6.938893903907228e-18,0.1634195480955571,0,0.07962524527408688,0.8732656986587539,-0.48069412297331005,0,-0.1427086858421645,0.4872443119688913,0.861526094462126,0,-42.520138933421684,145.17473633209997,256.6922189432318,1],"up":[0,1,0],"fov":50,"zoom":1,"near":0.01,"far":100000,"focus":10,"aspect":1.6306306306306306,"filmGauge":35,"filmOffset":0}},"scene":{"metadata":{"version":4.6,"type":"Object","generator":"Astral.Object3D.toJSON"},"textures":[{"uuid":"ec14c869-6c8e-449f-93e2-86fc5633bbc8","name":"","image":"fbdb8aca-1a1b-4f17-870c-91f93d96b4f1","mapping":303,"channel":0,"repeat":[1,1],"offset":[0,0],"center":[0,0],"rotation":0,"wrap":[1001,1001],"format":1023,"internalFormat":null,"type":1016,"colorSpace":"srgb-linear","minFilter":1006,"magFilter":1006,"anisotropy":1,"flipY":true,"generateMipmaps":false,"premultiplyAlpha":false,"unpackAlignment":1},{"uuid":"8412d9cc-c23d-48fa-8a1f-d9d310201f21","name":"","image":"fbdb8aca-1a1b-4f17-870c-91f93d96b4f1","mapping":303,"channel":0,"repeat":[1,1],"offset":[0,0],"center":[0,0],"rotation":0,"wrap":[1001,1001],"format":1023,"internalFormat":null,"type":1016,"colorSpace":"srgb-linear","minFilter":1006,"magFilter":1006,"anisotropy":1,"flipY":true,"generateMipmaps":false,"premultiplyAlpha":false,"unpackAlignment":1}],"images":["Uint16Array!1024!512!fbdb8aca-1a1b-4f17-870c-91f93d96b4f1.env"],"object":{"uuid":"af9e9b92-3f33-4558-9f86-00bac9b4a887","type":"Scene","name":"默认场景","layers":1,"matrix":[1,0,0,0,0,1,0,0,0,0,1,0,0,0,0,1],"up":[0,1,0],"background":"ec14c869-6c8e-449f-93e2-86fc5633bbc8","environment":"8412d9cc-c23d-48fa-8a1f-d9d310201f21","backgroundRotation":[0,0,0,"XYZ"],"environmentRotation":[0,0,0,"XYZ"],"children":[]}},"scripts":{},"controls":{"state":"{\"enabled\":true,\"minDistance\":2.220446049250313e-16,\"maxDistance\":1.7976931348623157e+308,\"minZoom\":0.01,\"maxZoom\":1.7976931348623157e+308,\"minPolarAngle\":0,\"maxPolarAngle\":3.141592653589793,\"minAzimuthAngle\":-1.7976931348623157e+308,\"maxAzimuthAngle\":1.7976931348623157e+308,\"smoothTime\":0.25,\"draggingSmoothTime\":0.125,\"dollySpeed\":1,\"truckSpeed\":2,\"dollyToCursor\":false,\"verticalDragToForward\":false,\"target\":[0,0,0],\"position\":[-42.520138933421684,145.17473633209997,256.6922189432318],\"zoom\":1,\"focalOffset\":[0,0,0],\"target0\":[0,0,0],\"position0\":[0,5,10],\"zoom0\":1,\"focalOffset0\":[0,0,0]}"},"totalZipNumber":1,"sceneInfo":{"id":"931e92fe-323a-4ff6-9516-bfbe5ca76674","sceneType":"其他","hasDrawing":0,"sceneIntroduction":"","sceneName":"12","sceneVersion":2,"zip":"","zipSize":"0","coverPicture":"","exampleSceneId":"","projectType":0,"updateTime":"2025-07-23T15:04:19+08:00","createTime":"2025-07-23T15:04:19+08:00"}}